number,author_short,year,journal_short,peer-reviewed,DOI/ISSN/ISBN,Hyperlink,title
1,Kojima,1995,ECM,yes (?),10.1016/0196-8904(95)00144-3,https://doi.org/10.1016/0196-8904(95)00144-3,Evaluation strategies for chemical and biological fixation/utilization processes of carbon dioxide
2,Schuiling & Krijgsman,2006,CC,yes,10.1007/s10584-005-3485-y,https://doi.org/10.1007/s10584-005-3485-y,Enhanced Weathering: An Effective and Cheap Tool to Sequester CO2
3,Hartmann & Kempe,2008,NW,yes,10.1007/s00114-008-0434-4,https://doi.org/10.1007/s00114-008-0434-4,"What is the maximum potential for CO2 sequestration by ""stimulated"" weathering on the global scale?"
4,Manning,2008,MM,yes,10.1180/minmag.2008.072.2.639,https://doi.org/10.1180/minmag.2008.072.2.639,Biological enhancement of soil carbonate precipitation: passive removal of atmospheric CO2
5,Renforth et al.,2009,AG,yes,10.1016/j.apgeochem.2009.05.005,https://doi.org/10.1016/j.apgeochem.2009.05.005,Carbonate precipitation in artificial soils as a sink for atmospheric carbon dioxide
6,Khler et al.,2010,PNAS,yes,10.1073/pnas.1000545107,https://doi.org/10.1073/pnas.1000545107,Geoengineering potential of artificially enhanced silicate weathering of olivine
7,Renforth et al.,2011,ES&T,yes,10.1021/es103241w,https://doi.org/10.1021/es103241w,Silicate production and availability for mineral carbonation
8,Renforth,2012,IJGGC,yes,10.1016/j.ijggc.2012.06.011,https://doi.org/10.1016/j.ijggc.2012.06.011,The potential of enhanced weathering in the UK
9,Washbourne et al.,2012,STE,yes,10.1016/j.scitotenv.2012.05.037,https://doi.org/10.1016/j.scitotenv.2012.05.037,Investigating carbonate formation in urban soils as a method for capture and storage of atmospheric carbon
10,ten Berge et al.,2012,PO,yes,10.1371/journal.pone.0042098,https://doi.org/10.1371/journal.pone.0042098,"Olivine weathering in soil, and its effects on growth and nutrient uptake in ryegrass (Lolium perenne L.): A pot experiment"
11,Hartmann et al.,2013,RoG,yes,10.1002/rog.20004,https://doi.org/10.1002/rog.20004,"Enhanced chemical weathering as a geoengineering strategy to reduce atmospheric carbon dioxide, supply nutrients, and mitigate ocean acidification"
12,Manning & Renforth,2013,ES&T,yes,10.1021/es301250j,https://doi.org/10.1021/es301250j,Passive sequestration of atmospheric CO2 through coupled plant-mineral reactions in urban soils
13,Manning et al.,2013,IJGGC,yes,10.1016/j.ijggc.2013.05.012,https://doi.org/10.1016/j.ijggc.2013.05.012,Carbonate precipitation in artificial soils produced from basaltic quarry fines and composts: An opportunity for passive carbon sequestration
14,Moosdorf et al.,2014,ES&T,yes,10.1021/es4052022,https://doi.org/10.1021/es4052022,Carbon Dioxide Efficiency of Terrestrial Enhanced Weathering
15,Song et al.,2014,ESR,yes,10.1016/j.earscirev.2014.09.009,https://doi.org/10.1016/j.earscirev.2014.09.009,Biogeochemical silicon cycle and carbon sequestration in agricultural ecosystems
16,Critelli et al.,2015,AG,yes,10.1016/j.apgeochem.2015.06.004,https://doi.org/10.1016/j.apgeochem.2015.06.004,Dissolution rate of antigorite from a whole-rock experimental study of serpentinite dissolution from 2 &lt; pH &lt; 9 at 25C: Implications for carbon mitigation via enhanced serpentinite weathering
17,Renforth et al.,2015,AG,yes,10.1016/j.apgeochem.2015.05.016,https://doi.org/10.1016/j.apgeochem.2015.05.016,The dissolution of olivine added to soil: Implications for enhanced weathering
18,Washbourne et al.,2015,ES&T,yes,10.1021/es505476d,https://doi.org/10.1021/es505476d,Rapid removal of atmospheric CO2 by urban soils
19,Fiantis et al.,2016,SCCPA,yes,10.1080/00103624.2016.1208755,https://doi.org/10.1080/00103624.2016.1208755,Initial Carbon Storage in New Tephra Layers of Mt. Talang in Sumatra as Affected by Pioneer Plants
20,Hamilton et al.,2016,IJGGC,yes,10.1016/j.ijggc.2016.11.006,https://doi.org/10.1016/j.ijggc.2016.11.006,Nesquehonite sequesters transition metals and CO2 during accelerated carbon mineralisation
21,Taylor et al.,2016,NCC,yes,10.1038/NCLIMATE2882,https://doi.org/10.1038/NCLIMATE2882,Enhanced weathering strategies for stabilizing climate and averting ocean acidification
22,Beerling et al.,2017,BL,yes,10.1098/rsbl.2017.0149,https://doi.org/10.1098/rsbl.2017.0149,Enhanced rock weathering: Biological climate change mitigation with co-benefits for food security?
23,Edwards et al.,2017,BL,yes,10.1098/rsbl.2016.0715,https://doi.org/10.1098/rsbl.2016.0715,Climate change mitigation: Potential benefits and pitfalls of enhanced rock weathering in tropical agriculture
24,Fasihnikoutalab,2017,EG,yes,10.1680/jenge.15.00018,https://doi.org/10.1680/jenge.15.00018,Utilisation of carbonating olivine for sustainable soil stabilisation
25,Kantola et al.,2017,BL,yes,10.1098/rsbl.2016.0714,https://doi.org/10.1098/rsbl.2016.0714,Potential of global croplands and bioenergy crops for climate change mitigation through deployment for enhanced weathering
26,Lawford-Smith & Currie,2017,BL,yes,10.1098/rsbl.2016.0859,https://doi.org/10.1098/rsbl.2016.0859,Accelerating the carbon cycle: The ethics of enhanced weathering
27,Pidgeon et al.,2017,BL,yes,10.1098/rsbl.2017.0024,https://doi.org/10.1098/rsbl.2017.0024,Perceptions of enhanced weathering as a biological negative emissions option
28,Pourakbar et al.,2017,GI,yes,10.1680/jgein.17.00021,https://doi.org/10.1680/jgein.17.00021,Soil reinforcement through addition and subsequent carbonation of wollasonite microfibres
29,Renforth & Henderson,2017,RoG,yes,10.1002/2016RG000533,https://doi.org/10.1002/2016RG000533,Assessing ocean alkalinity for carbon sequestration
30,Schuiling,2017,SRP,yes,10.4236/ns.2017.91002,https://doi.org/10.4236/ns.2017.91002,Olivine Weathering against Climate Change
31,Taylor et al.,2017,BL,yes,10.1098/rsbl.2016.0868,https://doi.org/10.1098/rsbl.2016.0868,Simulating carbon capture by enhanced weathering with croplands: An overview of key processes highlighting areas of future model development
32,Weber et al.,2017,AG,yes,10.1016/j.apgeochem.2017.06.011,https://doi.org/10.1016/j.apgeochem.2017.06.011,Effects of Synechococcus sp. cyanobacteria inert biomass on olivine dissolution: Implications for the application of enhanced weathering methods
33,Alcalde et al.,2018,IJGGC,yes,10.1016/j.ijggc.2018.06.021,https://doi.org/10.1016/j.ijggc.2018.06.021,The potential for implementation of Negative Emission Technologies in Scotland
34,Beerling et al.,2018,NP,yes,10.1038/s41477-018-0108-y,https://doi.org/10.1038/s41477-018-0108-y,"Farming with crops and rocks to address global climate, food and soil security"
35,Diaz-Hernandez et al.,2018,GCA,yes,10.1016/j.gca.2017.11.006,https://doi.org/10.1016/j.gca.2017.11.006,Textural and isotopic evidence for Ca-Mg carbonate pedogenesis
36,Dietzen et al.,2018,IJGGC,yes,10.1016/j.ijggc.2018.05.007,https://doi.org/10.1016/j.ijggc.2018.05.007,Effectiveness of enhanced mineral weathering as a carbon sequestration tool and alternative to agricultural lime: An incubation experiment
37,Fuss et al.,2018,ERL,yes,10.1088/1748-9326/aabf9f,https://doi.org/10.1088/1748-9326/aabf9f,"Negative emissions - Part 2: Costs, potentials and side effects"
38,Minx et al.,2018,ERL,yes,10.1088/1748-9326/aabf9b,https://doi.org/10.1088/1748-9326/aabf9b,Negative emissions - Part 1: Research landscape and synthesis
39,Nemet et al.,2018,ERL,yes,10.1088/1748-9326/aabff4,https://doi.org/10.1088/1748-9326/aabff4,Negative emissions - Part 3: Innovation and upscaling
40,Oelkers et al.,2018,CG,yes,10.1016/j.chemgeo.2018.10.008,https://doi.org/10.1016/j.chemgeo.2018.10.008,Olivine dissolution rates: A critical review
41,Song et al.,2018,STE,yes,10.1016/j.scitotenv.2017.09.253,https://doi.org/10.1016/j.scitotenv.2017.09.253,Contribution of forests to the carbon sink via biologically-mediated silicate weathering: A case study of China
42,Strefler et al.,2018,ERL,yes,10.1088/1748-9326/aaa9c4,https://doi.org/10.1088/1748-9326/aaa9c4,Potential and costs of carbon dioxide removal by enhanced weathering of rocks
43,Zhang et al.,2018,SR,yes,10.1071/SR17157,https://doi.org/10.1071/SR17157,Review and outlook for agromineral research in agriculture and climate mitigation
44,Amann & Hartmann,2019,BD,yes,10.5194/bg-16-2949-2019,https://doi.org/10.5194/bg-16-2949-2019,Ideas and perspectives: Synergies from co-deployment of negative emission technologies
45,Andrews & Taylor,2019,Elements,yes,10.2138/gselements.15.4.253,https://doi.org/10.2138/gselements.15.4.253,Combating Climate Change Through Enhanced Weathering of Agricultural Soils
46,Bach et al.,2019,FC,yes,10.3389/FCLIM.2019.00007,https://doi.org/10.3389/FCLIM.2019.00007,CO2 removal with enhanced weathering and ocean alkalinity enhancement: Potential risks and co-benefits for marine pelagic ecosystems
47,Beerling,2019,PPP,yes,10.1002/ppp3.10066,https://doi.org/10.1002/ppp3.10066,Can plants help us avoid seeding a human-made climate catastrophe?
48,Dudhaiya et al.,2019,minerals,yes,10.3390/min9100635,https://doi.org/10.3390/min9100635,Characterization of physically fractionated wollastonite-amended agricultural soils
49,Fajardy et al.,2019,FC,yes,10.3389/fclim.2019.00006,https://doi.org/10.3389/fclim.2019.00006,Negative Emissions: Priorities for Research and Policy Design
50,Haque et al.,2019,ACSO,yes,10.1021/acsomega.8b02477,https://doi.org/10.1021/acsomega.8b02477,Co-Benefits of Wollastonite Weathering in Agriculture: CO2 Sequestration and Promoted Plant Growth
51,Haque et al.,2019,Energies,yes,10.3390/en12122299,https://doi.org/10.3390/en12122299,Alkaline mineral soil amendment: A climate change stabilization wedge?
52,Lefebvre et al.,2019,JCP,yes,10.1016/j.jclepro.2019.06.099,https://doi.org/10.1016/j.jclepro.2019.06.099,"Assessing the potential of soil carbonation and enhanced weathering through Life Cycle Assessment: A case study for Sao Paulo State, Brazil"
53,Pokharel et al.,2019,CG,yes,10.1016/j.chemgeo.2019.07.001,https://doi.org/10.1016/j.chemgeo.2019.07.001,Mechanisms of olivine dissolution by rock-inhabiting fungi explored using magnesium stable isotopes
54,Renforth,2019,NCC,yes,10.1038/s41467-019-09475-5,https://doi.org/10.1038/s41467-019-09475-5,The negative emission potential of alkaline materials
55,Smith et al.,2019,ARER,yes,10.1146/annurev-environ-101718-033129,https://doi.org/10.1146/annurev-environ-101718-033129,Land-Management Options for Greenhouse Gas Removal and Their Impacts on Ecosystem Services and the Sustainable Development Goals
56,Tan & Aviso,2019,RE,yes,10.1016/j.rineng.2019.100028,https://doi.org/10.1016/j.rineng.2019.100028,A linear program for optimizing enhanced weathering networks
57,Amann et al.,2020,BGS,yes,10.5194/bg-17-103-2020,https://doi.org/10.5194/bg-17-103-2020,Enhanced Weathering and related element fluxes - A cropland mesocosm approach
58,Aviso & Tan,2020,CET,yes,10.3303/CET2081056,https://doi.org/10.3303/CET2081056,Fuzzy mixed integer linear program for planning enhanced weathering
59,Beerling et al.,2020,Nature,yes,10.1038/s41586-020-2448-9,https://doi.org/10.1038/s41586-020-2448-9,Potential for large-scale CO2 removal via enhanced rock weathering with croplands
60,Casas et al.,2020,FM,yes,10.3389/fmicb.2020.557119,https://doi.org/10.3389/fmicb.2020.557119,Dolerite Fines Used as a Calcium Source for Microbially Induced Calcite Precipitation Reduce the Environmental Carbon Cost in Sandy Soil
61,Cox et al.,2020,NCC,yes,10.1038/s41558-020-0823-z,https://doi.org/10.1038/s41558-020-0823-z,Public perceptions of carbon dioxide removal in the United States and the United Kingdom
62,Haque et al.,2020,OA,yes,10.1515/opag-2020-0016,https://doi.org/10.1515/opag-2020-0016,"Risk assessment of Ni, Cr, and Si release from alkaline minerals during enhanced weathering"
63,Haque et al.,2020,FPS,yes,10.3389/fpls.2020.01012,https://doi.org/10.3389/fpls.2020.01012,Optimizing Inorganic Carbon Sequestration and Crop Yield With Wollastonite Soil Amendment in a Microplot Study
64,Haque et al.,2020,IJGGC,yes,10.1016/j.ijggc.2020.103017,https://doi.org/10.1016/j.ijggc.2020.103017,CO2 sequestration by wollastonite-amended agricultural soils An Ontario field study
65,Kelland et al.,2020,GCB,yes,10.1111/gcb.15089,https://doi.org/10.1111/gcb.15089,Increased yield and CO2 sequestration potential with the C4 cereal Sorghum bicolor cultivated in basaltic rock dust-amended agricultural soil
66,de Oliveira Garcia et al.,2020,BGS,yes,10.5194/bg-17-2107-2020,https://doi.org/10.5194/bg-17-2107-2020,Impacts of enhanced weathering on biomass production for negative emission technologies and soil hydrology
67,Asibor et al.,2021,JEM,yes,10.1016/j.jenvman.2021.113039,https://doi.org/10.1016/j.jenvman.2021.113039,Assessment of optimal conditions for the performance of greenhouse gas removal methods
68,Blanc-Betes et al.,2021,GCBB,yes,10.1111/gcbb.12757,https://doi.org/10.1111/gcbb.12757,In silico assessment of the potential of basalt amendments to reduce N2O emissions from bioenergy crops
69,Bullock et al.,2021,FC,yes,10.3389/fclim.2021.694175,https://doi.org/10.3389/fclim.2021.694175,Global Carbon Dioxide Removal Potential of Waste Materials From Metal and Diamond Mining
70,Cipolla et al.,2021,AWR,yes,10.1016/j.advwatres.2021.103934,https://doi.org/10.1016/j.advwatres.2021.103934,"The role of hydrology on enhanced weathering for carbon sequestration I. Modeling rock-dissolution reactions coupled to plant, soil moisture, and carbon dynamics"
71,Cipolla et al.,2021,AWR,yes,10.1016/j.advwatres.2021.103949,https://doi.org/10.1016/j.advwatres.2021.103949,The role of hydrology on enhanced weathering for carbon sequestration II. From hydroclimatic scenarios to carbon-sequestration efficiencies
72,Dutta & Dutta,2021,PR,yes,ISSN 02578050,"https://bnmv.ac.in/images/uploads/Pinak%20Dutta,%20Pol.%20Res..pdf",Possible Environmental and Helath Perils Associated with Enhanced Rock Weathering
73,Goll et al.,2021,NG,yes,10.1038/s41561-021-00798-x,https://doi.org/10.1038/s41561-021-00798-x,Potential CO2 removal from enhanced weathering by ecosystem responses to powdered rock
74,Gomez-Casanovas,2021,STE,yes,10.1016/j.scitotenv.2021.149466,https://doi.org/10.1016/j.scitotenv.2021.149466,A reviewoftransformative strategies for climatemitigation by grasslands
75,Haque et al.,2021,ES&T,yes,10.1021/acs.est.1c04111,https://doi.org/10.1021/acs.est.1c04111,Urban Farming with Enhanced Rock Weathering As a Prospective Climate Stabilization Wedge
76,Khalidy et al,2021,JVE,yes,10.3791/61996,https://doi.org/10.3791/61996,Monitoring pedogenic inorganic carbon accumulation due to weathering of amended silicate minerals in agricultural soils
77,Langroudi et al.,2021,CBM,yes,10.1016/j.conbuildmat.2021.122658,https://doi.org/10.1016/j.conbuildmat.2021.122658,Sequestration of carbon in pedogenic carbonates and silicates from construction and demolition wastes
78,Lewis et al.,2021,ERL,yes,10.1016/j.apgeochem.2021.105023,https://doi.org/10.1016/j.apgeochem.2021.105023,"Effects of mineralogy, chemistry and physical properties of basalts on carbon capture potential and plant-nutrient element release via enhanced weathering"
79,Minasny et al.,2021,SS,yes,10.1016/j.soisec.2021.100006,https://doi.org/10.1016/j.soisec.2021.100006,Applying volcanic ash to croplands The untapped natural solution
80,Paulo et al.,2021,AG,yes,10.1016/j.apgeochem.2021.104955,https://doi.org/10.1016/j.apgeochem.2021.104955,Evaluating feedstocks for carbon dioxide removal by enhanced rock weathering and CO2 mineralization
81,Pogge von Strandmann et al.,2021,CG,yes,10.1016/j.chemgeo.2020.120008,https://doi.org/10.1016/j.chemgeo.2020.120008,The lithium and magnesium isotope signature of olivine dissolution in soil experiments
82,Renforth & Campbell,2021,RSTB,yes,10.1098/rstb.2020.0174,https://doi.org/10.1098/rstb.2020.0174,The role of soils in the regulation of ocean acidification
83,Rinder & von Hagke,2021,JCP,yes,10.1016/j.jclepro.2021.128178,https://doi.org/10.1016/j.jclepro.2021.128178,The influence of particle size on the potential of enhanced basalt weathering for carbon dioxide removal - Insights from a regional assessment
84,Spence et al.,2021,CC,yes,10.1007/s10584-021-03050-y,https://doi.org/10.1007/s10584-021-03050-y,Exploring cross-national public support for the use of enhanced weathering as a land-based carbon dioxide removal strategy
85,Strefler et al.,2021,ERL,yes,10.1088/1748-9326/ac0a11,https://doi.org/10.1088/1748-9326/ac0a11,Carbon dioxide removal technologies are not born equal
86,Tan et al.,2021,CET,yes,10.1016/j.clet.2021.100141,https://doi.org/10.1016/j.clet.2021.100141,Pinch-based planning of terrestrial carbon management networks
87,Taylor et al.,2021,BGS,yes,10.5194/bg-18-169-2021,https://doi.org/10.5194/bg-18-169-2021,Increased carbon capture by a silicate-treated forested watershed affected by acid deposition
88,Terlouw et al.,2021,EES,yes,10.1039/d0ee03757e,https://doi.org/10.1039/d0ee03757e,Life cycle assessment of carbon dioxide removal technologies: a critical review
89,Vakilifard et al.,2021,ERL,yes,10.1088/1748-9326/ac1818,https://doi.org/10.1088/1748-9326/ac1818,The role of enhanced rock weathering deployment with agriculture in limiting future warming and protecting coral reefs
90,Verbruggen et al.,2021,PPP,yes,10.1002/ppp3.10179,https://doi.org/10.1002/ppp3.10179,Can arbuscular mycorrhizal fungi speed up carbon sequestration by enhanced weathering?
91,O'Connor et al.,2021,JHM,yes,10.1016/j.jhazmat.2021.126478,https://doi.org/10.1016/j.jhazmat.2021.126478,"Production, characterisation, utilisation, and beneficial soil application of steel slag: A review"
92,Almaraz et al.,2022,FC,yes,10.3389/fclim.2022.970429,https://doi.org/10.3389/fclim.2022.970429,Methods for determining the CO removal capacity of enhanced weathering in agronomic settings
93,Amann & Hartmann,2022,FC,yes,10.3389/fclim.2022.849948,https://doi.org/10.3389/fclim.2022.849948,Carbon Accounting for Enhanced Weathering
94,Amann et al.,2022,FC,yes,10.3389/fclim.2022.929268,https://doi.org/10.3389/fclim.2022.929268,Enhanced weathering potentials the role of in situ CO and grain size distribution
95,Aviso et al.,2022,CET,yes,10.3303/CET2294064,https://doi.org/10.3303/CET2294064,Optimal Integration of Polygeneration with Carbon Dioxide Removal
96,Aviso et al.,2022,CTEP,yes,10.1007/s10098-021-02053-8,https://doi.org/10.1007/s10098-021-02053-8,Fuzzy optimization model for enhanced weathering networks using industrial waste
97,Azeem et al.,2022,SEL,yes,10.1007/s42832-022-0136-4,https://doi.org/10.1007/s42832-022-0136-4,Soil inorganic carbon sequestration through alkalinity regeneration using biologically induced weathering of rock powder and biochar
98,Belmonte et al.,2022,CTPE,yes,10.1007/s10098-021-02119-7,https://doi.org/10.1007/s10098-021-02119-7,A fuzzy optimization model for planning integrated terrestrial carbon management networks
99,Bertagni & Proporato,2022,STE,yes,10.1016/j.scitotenv.2022.156524,https://doi.org/10.1016/j.scitotenv.2022.156524,The Carbon-Capture Efficiency of Natural Water Alkalinization: Implications For Enhanced weathering
100,Buckingham et al.,2022,AG,yes,10.1016/j.apgeochem.2022.105482,https://doi.org/10.1016/j.apgeochem.2022.105482,Soil core study indicates limited CO2 removal by enhanced weathering in dry croplands in the UK
101,Calabrese et al.,2022,ES&T,yes,10.1021/acs.est.2c03163,https://doi.org/10.1021/acs.est.2c03163,Nano- to Global-Scale Uncertainties in Terrestrial Enhanced Weathering
102,Campbell et al.,2022,FC,yes,10.3389/fclim.2022.879133,https://doi.org/10.3389/fclim.2022.879133,Geochemical Negative Emissions Technologies: Part I. Review
103,Cipolla et al.,2022,BGS,yes,10.5194/bg-19-3877-2022,https://doi.org/10.5194/bg-19-3877-2022,"Effects of precipitation seasonality, irrigation, vegetation cycle and soil type on enhanced weathering modeling of cropland case studies across four sites"
104,Cooper et al.,2022,PCIRP,yes,10.1016/j.procir.2022.02.059,https://doi.org/10.1016/j.procir.2022.02.059,Life cycle assessment of negative emission technologies for effectiveness in carbon sequestration
105,Cox et al.,2022,PUS,yes,10.1177/09636625221112190,https://doi.org/10.1177/09636625221112190,"Deliberating enhanced weathering: Public frames, iconic ecosystems and the governance of carbon removal at scale"
106,Dowell et al.,2022,Joule,yes,10.1016/j.joule.2022.09.005,https://doi.org/10.1016/j.joule.2022.09.005,Comparing approaches for carbon dioxide removal
107,Eufrasio et al.,2022,CEE,yes,10.1038/s43247-022-00436-3,https://doi.org/10.1038/s43247-022-00436-3,Environmental and health impacts of atmospheric CO2 removal by enhanced rock weathering depend on nation's energy mix
108,Eufrasio et al.,2022,CEE,yes,10.1038/s43247-022-00436-3,https://doi.org/10.1038/s43247-022-00436-3,Environmental and health impacts of atmospheric CO2 removal by enhanced rock weathering depend on nation's energy mix
109,Hicks et al.,2022,iScience,yes,10.1016/j.isci.2022.105556,https://doi.org/10.1016/j.isci.2022.105556,"Nutrient-doped synthetic silicates for enhanced weathering, remineralization and fertilization on agricultural lands of global cold regions - A perspective on the research ahead"
110,Janssens et al.,2022,FC,yes,10.3389/fclim.2022.928403,https://doi.org/10.3389/fclim.2022.928403,Negative erosion and negative emissions: Combining multiple land-based carbon dioxide removal techniques to rebuild fertile topsoils and enhance food production
111,Jariwala et al.,2022,FPS,yes,10.3389/fpls.2022.929457,https://doi.org/10.3389/fpls.2022.929457,MineralSoilPlantNutrient Synergisms of Enhanced Weathering for Agriculture: Short-Term Investigations Using Fast-Weathering Wollastonite Skarn
112,Jia et al.,2022,RCR,yes,10.1016/j.resconrec.2021.105910,https://doi.org/10.1016/j.resconrec.2021.105910,Regional carbon drawdown with enhanced weathering of non-hazardous industrial wastes
113,Jorat et al.,2022,JEM,yes,10.1016/j.jenvman.2022.115016,https://doi.org/10.1016/j.jenvman.2022.115016,Removal of atmospheric CO2 by engineered soils in infrastructure projects
114,Kantzas et al.,2022,NG,yes,10.1038/s41561-022-00925-2,https://doi.org/10.1038/s41561-022-00925-2,Substantial carbon drawdown potential from enhanced rock weathering in the United Kingdom
115,Kanzaki et al.,2022,GMD,yes,10.5194/gmd-15-4959-2022,https://doi.org/10.5194/gmd-15-4959-2022,Soil Cycles of Elements simulator for Predicting TERrestrial regulation of greenhouse gases: SCEPTER v0.9
116,Kemp et al.,2022,AG,yes,10.1016/j.apgeochem.2022.105465,https://doi.org/10.1016/j.apgeochem.2022.105465,Detection and quantification of low levels of carbonate mineral species using thermogravimetric-mass spectrometry to validate CO2 drawdown via enhanced rock weathering
117,Klemme et al.,2022,CEE,yes,10.1038/s43247-022-00544-0,https://doi.org/10.1038/s43247-022-00544-0,Destabilization of carbon in tropical peatlands by enhanced weathering
118,Knapp & Tipper,2022,FC,yes,10.3389/fclim.2022.928215,https://doi.org/10.3389/fclim.2022.928215,The efficacy of enhancing carbonate weathering for carbon dioxide sequestration
119,Larkin et al.,2022,FC,yes,10.3389/fclim.2022.959229,https://doi.org/10.3389/fclim.2022.959229,"Quantification of CO2 removal in a large-scale enhanced weathering field trial on an oil palm plantation in Sabah, Malaysia"
120,Luan & Dholabhai,2022,SS,yes,10.1016/j.susc.2022.122143,https://doi.org/10.1016/j.susc.2022.122143,"First principles modeling of CO2 adsorption on (100), (010), and (001) surfaces of wollastonite for applications in enhanced rock weathering"
121,Maesano et al.,2022,FC,yes,10.3389/fclim.2022.945332,https://doi.org/10.3389/fclim.2022.945332,Geochemical Negative Emissions Technologies: Part II. Roadmap
122,Manning,2022,CM,yes,10.1180/clm.2022.17,https://doi.org/10.1180/clm.2022.17,Mineral stabilities in soils: how minerals can feed the world and mitigate climate change
123,Pogge von Strandmann et al.,2022,FC,yes,10.3389/fclim.2022.827698,https://doi.org/10.3389/fclim.2022.827698,The Dissolution of Olivine Added to Soil at 4C: Implications for Enhanced Weathering in Cold Regions
124,Ramos et al.,2022,GF,yes,10.1016/j.gsf.2021.101185,https://doi.org/10.1016/j.gsf.2021.101185,Possibilities of using silicate rock powder: An overview
125,Silva et al.,2022,PS,yes,10.1007/s11104-022-05472-8,https://doi.org/10.1007/s11104-022-05472-8,A generalizable framework for enhanced natural climate solutions
126,Suhrhoff,2022,FC,yes,10.3389/fclim.2021.820204,https://doi.org/10.3389/fclim.2021.820204,Phytoprevention of Heavy Metal Contamination From Terrestrial Enhanced Weathering: Can Plants Save the Day?
127,Tan et al.,2022,CRC,yes,10.1016/j.crcon.2022.04.002,https://doi.org/10.1016/j.crcon.2022.04.002,Optimization of enhanced weathering networks with alternative transportation modes
128,Van der Kellen et al.,2022,GCA,yes,10.1016/j.gca.2021.12.009,https://doi.org/10.1016/j.gca.2021.12.009,Recent weathering promotes C storage inside large phyllosilicate particles in forest soil
129,Vicca et al.,2022,GCB,yes,10.1111/gcb.15993,https://doi.org/10.1111/gcb.15993,Is the climate change mitigation effect of enhanced silicate weathering governed by biological processes?
130,Vienne et al.,2022,FC,yes,10.3389/fclim.2022.869456,https://doi.org/10.3389/fclim.2022.869456,"Enhanced Weathering Using Basalt Rock Powder: Carbon Sequestration, Co-benefits and Risks in a Mesocosm Study With Solanum tuberosum"
131,Yoshioka et al.,2022,FC,yes,10.3389/fenvs.2022.1068656,https://doi.org/10.3389/fenvs.2022.1068656,Effectiveness and characteristics of atmospheric CO2 removal in croplands via enhanced weathering of industrial Ca-rich silicate byproducts
132,Zeng et al.,2022,ESR,yes,10.1016/j.earscirev.2021.103915,https://doi.org/10.1016/j.earscirev.2021.103915,Large-scale CO2 removal by enhanced carbonate weathering from changes in land-use practices
133,Zhang et al.,2022,LO,yes,10.1002/lno.12244,https://doi.org/10.1002/lno.12244,River chemistry constraints on the carbon capture potential of surficial enhanced rock weathering
134,Abdalqadir et al.,2023,JCP,yes,10.1016/j.jclepro.2023.138914,https://doi.org/10.1016/j.jclepro.2023.138914,"Process-based life cycle assessment of waste clay for mineral carbonation and enhanced weathering: A case study for northeast England, UK"
135,Asibor et al.,2023,ECC,yes,10.1016/j.egycc.2023.100112,https://doi.org/10.1016/j.egycc.2023.100112,A machine learning approach for resource mapping analysis of greenhouse gas removal technologies
136,Baek et al.,2023,EF,yes,10.1029/2023EF003698,https://doi.org/10.1029/2023EF003698,Impact of Climate on the Global Capacity for Enhanced Rock Weathering on Croplands
137,Calogiuri et al.,2023,JoVE,yes,10.3791/65563,https://doi.org/10.3791/65563,Design and Construction of an Experimental Setup to Enhance Mineral Weathering through the Activity of Soil Organisms
138,Chen et al.,2023,STE,yes,10.1016/j.scitotenv.2023.165766,https://doi.org/10.1016/j.scitotenv.2023.165766,Experimentally-calibrated estimation of CO2 removal potentials of enhanced weathering
139,Chen et al.,2023,ERL,yes,10.1088/1748-9326/ad085e,https://doi.org/10.1088/1748-9326/ad085e,Theoretical evaluation on CO2 removal potential of enhanced weathering based on shrinking core model
140,Chiaravalloti et al.,2023,FC,yes,10.3389/fclim.2023.1203043,https://doi.org/10.3389/fclim.2023.1203043,Mitigation of soil nitrous oxide emissions during maize production with basalt amendments
141,Deng et al.,2023,SR,yes,10.1038/s41598-023-36113-4,https://doi.org/10.1038/s41598-023-36113-4,The environmental controls on efficiency of enhanced rock weathering in soils
142,Dietzen & Rosing,2023,IJGGC,yes,10.1016/j.ijggc.2023.103872,https://doi.org/10.1016/j.ijggc.2023.103872,Quantification of CO2 uptake by enhanced weathering of silicate minerals applied to acidic soils
143,Dupla et al.,2023,EJSS,yes,10.1111/ejss.13343,https://doi.org/10.1111/ejss.13343,Potential accumulation of toxic trace elements in soils during enhanced rock weathering
144,Feng & Hicks,2023,JCP,yes,10.1016/j.jclepro.2023.137625,https://doi.org/10.1016/j.jclepro.2023.137625,"Environmental, human health, and CO2 payback estimation and comparison of enhanced weathering for carbon capture using wollastonite"
145,Guo et al.,2023,AS,yes,10.1016/j.agsy.2023.103691,https://doi.org/10.1016/j.agsy.2023.103691,Crop productivity and soil inorganic carbon change mediated by enhanced rock weathering in farmland: A comparative field analysis of multi-agroclimatic regions in central China
146,Hagens et al.,2023,FC,yes,10.3389/fclim.2023.1244396,https://doi.org/10.3389/fclim.2023.1244396,Editorial: Enhanced weathering and synergistic combinations with other CDR methods
147,Haque et al.,2023,ACSESC,yes,10.1021/acsearthspacechem.2c00374,https://doi.org/10.1021/acsearthspacechem.2c00374,Constraining the Capacity of Global Croplands to CO2 Drawdown via Mineral Weathering
148,Harrington et al.,2023,AG,yes,10.1016/j.apgeochem.2023.105643,https://doi.org/10.1016/j.apgeochem.2023.105643,Implications of the Riverine Response to Enhanced Weathering for CO2 removal in the UK
149,Holzer et al.,2023,ERC,yes,10.1088/2515-7620/acfd89,https://doi.org/10.1088/2515-7620/acfd89,Direct evidence for atmospheric carbon dioxide removal via enhanced weathering in cropland soil
150,Kantola et al.,2023,GCB,yes,10.1111/gcb.16903,https://doi.org/10.1111/gcb.16903,Improved net carbon budgets in the US Midwest through direct measured impacts of enhanced weathering
151,Kanzaki et al.,2023,PNAS N,yes,10.1093/pnasnexus/pgad059,https://doi.org/10.1093/pnasnexus/pgad059,New estimates of the storage permanence and ocean co-benefits of enhanced rock weathering
152,Khalidy et al.,2023,Catena,yes,10.1016/j.catena.2023.107524,https://doi.org/10.1016/j.catena.2023.107524,Fate and migration of enhanced rock weathering products through soil horizons; implications of irrigation and percolation regimes
153,Knapp et al.,2023,ES&T,yes,10.1021/acs.est.3c03757,https://doi.org/10.1021/acs.est.3c03757,Quantifying CO2 Removal at Enhanced Weathering Sites: a Multiproxy Approach
154,Madankan & Renforth,2023,IJGGC,yes,10.1016/j.ijggc.2023.104010,https://doi.org/10.1016/j.ijggc.2023.104010,An inventory of UK mineral resources suitable for enhanced rock weathering
155,Oppon et al.,2023,EES,yes,10.1016/j.ecolecon.2022.107636,https://doi.org/10.1016/j.ecolecon.2022.107636,Macro-level economic and environmental sustainability of negative emission technologies; Case study of crushed silicate production for enhanced weathering
156,Power et al.,2023,ES&T,yes,10.1021/acs.est.3c05081,https://doi.org/10.1021/acs.est.3c05081,The Mining Industrys Role in Enhanced Weathering and Mineralization for CO2 Removal
157,Reershemius et al.,2023,ES&T,yes,10.1021/acs.est.3c03609,https://doi.org/10.1021/acs.est.3c03609,Initial Validation of a Soil-Based Mass-Balance Approach for Empirical Monitoring of Enhanced Rock Weathering Rates
158,Rijnders et al.,2023,FES,yes,10.3389/fenvs.2023.1172621,https://doi.org/10.3389/fenvs.2023.1172621,The effects of dunite fertilization on growth and elemental composition of barley and wheat differ with dunite grain size and rainfall regimes
159,Santos et al.,2023,FES,yes,10.3389/feart.2023.1215930,https://doi.org/10.3389/feart.2023.1215930,"Pathways, roundabouts, roadblocks, and shortcuts to safe and sustainable deployment of enhanced rock weathering in agriculture"
160,Sovacool,2023,ECC,yes,10.1016/j.egycc.2023.100103,https://doi.org/10.1016/j.egycc.2023.100103,"Expanding carbon removal to the Global South: Thematic concerns on systems, justice, and climate governance"
161,Tapia et al.,2023,CET,yes,10.3303/CET23103076,https://doi.org/10.3303/CET23103076,Bilevel Optimization of Enhanced Weathering Networks with P-graph
162,Val Martin et al.,2023,GMD,yes,10.5194/gmd-16-5783-2023,https://doi.org/10.5194/gmd-16-5783-2023,"Improving nitrogen cycling in a land surface model (CLM5) to quantify soil N2O, NO, and NH3 emissions from enhanced rock weathering with croplands"
163,Vanderkloot & Ryan,2023,AG,yes,10.1016/j.apgeochem.2023.105728,https://doi.org/10.1016/j.apgeochem.2023.105728,Quantifying the effect of grain size on weathering of basaltic powders: Implications for negative emission technologies via soil carbon sequestration
164,Vink & Knops,2023,minerals,yes,10.3390/min13020235,https://doi.org/10.3390/min13020235,"Size-Fractionated Weathering of Olivine, Its CO2-Sequestration Rate, and Ecotoxicological Risk Assessment of Nickel Release"
165,Wood et al.,2023,AG,yes,10.1016/j.apgeochem.2022.105511,https://doi.org/10.1016/j.apgeochem.2022.105511,Impacts of dissolved phosphorus and soil-mineral-fluid interactions on CO2 removal through enhanced weathering of wollastonite in soils
166,Yan et al,2023,Catena,yes,10.1016/j.catena.2023.107031,https://doi.org/10.1016/j.catena.2023.107031,Wollastonite addition stimulates soil organic carbon mineralization: Evidences from 12 land-use types in subtropical China
167,Zhang et al.,2023,ES&T,yes,10.1021/acs.est.3c01658,https://doi.org/10.1021/acs.est.3c01658,Techno-Economic and Life Cycle Assessment of Enhanced Rock Weathering: A Case Study from the Midwestern United States
168,te Pas et al.,2023,FC,yes,10.3389/fclim.2022.954064,https://doi.org/10.3389/fclim.2022.954064,Assessment of the enhanced weathering potential of different silicate minerals to improve soil quality and sequester CO2
169,Abdalqadir et al.,2024,ESPR,yes,10.1007/s11356-024-32498-5,https://doi.org/10.1007/s11356-024-32498-5,A state of the art of review on factors affecting the enhanced weathering in agricultural soil: strategies for carbon sequestration and climate mitigation
170,Baum et al.,2024,Nature,yes,10.1038/s41467-024-46341-5,https://doi.org/10.1038/s41467-024-46341-5,Public perceptions and support of climate intervention technologies across the Global North and Global South
171,Beerling et al.,2024,PNAS,yes,10.1073/pnas.2319436121,https://doi.org/10.1073/pnas.2319436121,Enhanced weathering in the U.S. Corn Belt delivers carbon removal with agronomic benefits
172,Bucka et al.,2024,SUM,yes,10.1111/sum.13094,https://doi.org/10.1111/sum.13094,From waste to soil: Can we create functioning manufactured soils by recycling rock processing waste ?
173,Buckingham & Henderson,2024,STE,yes,10.1016/j.scitotenv.2023.167701,https://doi.org/10.1016/j.scitotenv.2023.167701,The enhanced weathering potential of a range of silicate and carbonate additions in a UK agricultural soil
174,Buss et al.,2024,GCB,yes,10.1111/gcb.17052,https://doi.org/10.1111/gcb.17052,Stabilisation of soil organic matter with rock dust partially counteracted by plants
175,Clarkson et al.,2024,FC,yes,10.3389/fclim.2024.1345224,https://doi.org/10.3389/fclim.2024.1345224,A Review of Measurement for Quantification of Carbon Dioxide Removal by Enhanced Weathering in Soil
176,De Marco et al.,2024,IOPS,yes,10.1088/1748-9326/ad4efb,https://doi.org/10.1088/1748-9326/ad4efb,Energy demand and saving opportunities of limestone and olivine-rich rocks supply for geochemical carbon dioxide removal
177,Di Vittorui et al.,2024,ERL,yes,10.1088/1748-9326/ad4b41,https://doi.org/10.1088/1748-9326/ad4b41,Soil management practices can contribute to net carbon neutrality in California
178,Ephihov et al.,2024,ES&T,yes,10.1021/acs.est.3c10146,https://doi.org/10.1021/acs.est.3c10146,Iron Chelation in Soil: Scalable Biotechnology for Accelerating Carbon Dioxide Removal by Enhanced Rock Weathering
179,Green et al.,2024,AG,yes,10.1016/j.apgeochem.2024.105940,https://doi.org/10.1016/j.apgeochem.2024.105940,Carbon dioxide removal via weathering of sugarcane-mill ash under different soil conditions
180,Hasemer et al.,2024,FC,yes,10.3389/fclim.2024.1352825,https://doi.org/10.3389/fclim.2024.1352825,Measuring Enhanced Weathering: inorganic carbon-based approaches may be required to complement cation-based approaches
182,Honvualt et al.,2024,AG,yes,10.1016/j.apgeochem.2024.106054,https://doi.org/10.1016/j.apgeochem.2024.106054,"Additive effects of basalt enhanced weathering and biochar co-application on carbon sequestration, soil nutrient status and plant performance in a mesocosm experiment"
183,Iff et al.,2024,FC,yes,10.3389/fclim.2024.1252210,https://doi.org/10.3389/fclim.2024.1252210,The Dissolution of Olivine Added to Soil at 32C: The Fate of Weathering Products and its Implications for Enhanced Weathering at Different Temperatures
184,Jerden et al.,2024,AG,yes,10.1016/j.apgeochem.2024.106002,https://doi.org/10.1016/j.apgeochem.2024.106002,The impact of geochemical and life-cycle variables on carbon dioxide removal by enhanced rock weathering: Development and application of the Stella ERW model
185,Linke et al,2024,GCA,yes,10.1016/j.gca.2024.02.005,https://doi.org/10.1016/j.gca.2024.02.005,The geochemical evolution of basalt Enhanced Rock Weathering systems quantified from a natural analogue
186,Manning et al.,2024,SS,yes,10.1111/ejss.13534,https://doi.org/10.1111/ejss.13534,Soil carbon management and enhanced rock weathering: The separate fates of organic and inorganic carbon
187,McDermott,2024,AG,yes,10.1016/j.apgeochem.2024.106056,https://doi.org/10.1016/j.apgeochem.2024.106056,Enhanced weathering for CO2 removal using carbonate-rich crushed returned concrete; a pilot study from SE Ireland
188,Rieder et al.,2024,FC,yes,10.3389/fclim.2023.1283107,https://doi.org/10.3389/fclim.2023.1283107,Soil electrical conductivity as a proxy for Enhanced Weathering in soils
189,Russel et al.,2024,FC,yes,10.3389/feart.2024.1414437,https://doi.org/10.3389/feart.2024.1414437,"Mine waste rock as a soil amendment for enhanced weathering, ecosystem services, and bioenergy production"
190,Ryan et al.,2024,SotTE,yes,10.1016/j.scitotenv.2024.172053,https://doi.org/10.1016/j.scitotenv.2024.172053,The potential for carbon dioxide removal by enhanced rock weathering in the tropics: An evaluation of Costa Rica
191,Sovacool et al.,2024,WD,yes,10.1016/j.worlddev.2024.106719,https://doi.org/10.1016/j.worlddev.2024.106719,"Minority groups, Indigenousness and Indigeneity, and place in social perceptions of future climate interventions"
192,Suhrhoff & Reershemius et al.,2024,FC,yes,10.3389/fclim.2024.1346117,https://doi.org/10.3389/fclim.2024.1346117,A tool for assessing the sensitivity of soil-based approaches for quantifying enhanced weathering: A US case study
193,Vandeginste et al.,2024,minerals,yes,10.3390/min14010075,https://doi.org/10.3390/min14010075,Exploratory Review on Environmental Aspects of Enhanced Weathering as a Carbon Dioxide Removal Method
194,Wang et al.,2024,PS,yes,10.1007/s11104-024-06570-5,https://doi.org/10.1007/s11104-024-06570-5,Wollastonite powder application increases rice yield and CO2 sequestration in a paddy field in Northeast China
195,Zhou,2024,IJGCC,yes,10.1016/j.ijggc.2023.104032,https://doi.org/10.1016/j.ijggc.2023.104032,Potential CO2 capture via enhanced weathering by basaltic sand spreading on golf courses in the U. S.
196,Levy et al.,2024,ES&T,yes,10.1021/acs.est.4c02368,https://doi.org/10.1021/acs.est.4c02368,Enhanced Rock Weathering for Carbon Removal − Monitoring and Mitigating Potential Environmental Impacts on Agricultural Land
197,Sovacool et al.,2024,CEE,yes,10.1038/s43247-024-01800-1,https://doi.org/10.1038/s43247-024-01800-1,Demographics shape public preferences for carbon dioxide removal and solar geoengineering interventions across 30 countries
198,Zhang et al.,2024,ES&T,yes,10.1021/acs.est.4c04751,https://doi.org/10.1021/acs.est.4c04751,Enhanced Rock Weathering as a Source of Metals to Promote Methanogenesis and Counteract CO2 Sequestration
199,Buss et al.,2024,CEE,yes,10.1038/s43247-024-01771-3,https://doi.org/10.1038/s43247-024-01771-3,Applying minerals to soil to draw down atmospheric carbon dioxide through synergistic organic and inorganic pathways
200,Mühlbauer et al.,2024,EES,yes,10.1039/d4ee03166k,https://doi.org/10.1039/d4ee03166k,Techno-economic insights and deployment prospects of permanent carbon dioxide sequestration in solid carbonates
201,Singh & Bano,2024,JK,yes,ISSN: 2278-4632,http://junikhyatjournal.in/no_1_Online_24/15_online_sept.pdf,"Geoengineering as a potential solution to global warming: risks, solutions, and ethical considerations"
202,Javadi et al.,2024,ERE,yes,10.1088/2753-3751/ad81fb,https://doi.org/10.1088/2753-3751/ad81fb,The impact of regional resources and technology availability on carbon dioxide removal potential in the United States
203,Bertagni et al.,2024,GRL,yes,10.1029/2024GL111310,https://doi.org/10.1029/2024GL111310,A Dimensionless Framework for the Partitioning of Fluvial Inorganic Carbon
204,Araujo et al.,2024,Land,yes,10.3390/land13111839,https://doi.org/10.3390/land13111839,Adapting and Verifying the Liming Index for Enhanced Rock Weathering Minerals as an Alternative Liming Approach
205,Hasemer et al.,2024,FC,yes,10.3389/fclim.2024.1352825,https://doi.org/10.3389/fclim.2024.1352825,Measuring enhanced weathering: inorganic carbon-based approaches may be required to complement cation-based approaches
206,Niron et al.,2024,GCB,yes,10.1111/gcb.17511,https://doi.org/10.1111/gcb.17511,Exploring the synergy of enhanced weathering and Bacillus subtilis: A promising strategy for sustainable agriculture
207,Breuning et al.,2024,JCP,yes,10.1016/j.jclepro.2024.143757,https://doi.org/10.1016/j.jclepro.2024.143757,Economical deployment of quarry minerals for land-based enhanced weathering in Northern California
208,Vienne et al.,2024,SBB,yes,10.1016/j.soilbio.2024.109596,https://doi.org/10.1016/j.soilbio.2024.109596,"Earthworms in an enhanced weathering mesocosm experiment: effects on soil carbon sequestration, base catoin exchange and soil CO2 efflux"
209,Dupla et al.,2024,SotTE,yes,10.1016/j.scitotenv.2024.176297,https://doi.org/10.1016/j.scitotenv.2024.176297,"Let the dust settle: Impact of enhanced rock weathering on soil biological, physical, and geochemical fertility"
210,Holden et al.,2024,SotTE,yes,10.1016/j.scitotenv.2024.176568,https://doi.org/10.1016/j.scitotenv.2024.176568,In-field carbon dioxide removal via weathering of crushed basalt applied to acidic tropical agricultural soil
211,Zani et al.,2024,MX,yes,10.1016/j.mex.2024.102971,https://doi.org/10.1016/j.mex.2024.102971,A method to evaluate enhanced rock weathering using intact soil monoliths under field conditions
212,Li et al.,2024,FC,yes,10.3389/fclim.2024.1380651,https://doi.org/10.3389/fclim.2024.1380651,Geospatial assessment of the cost and energy demand of feedstock grinding for enhanced rock weathering in the coterminous United States
213,Nordahl et al.,2024,OE,yes,10.1016/j.oneear.2024.08.012,https://doi.org/10.1016/j.oneear.2024.08.012,Carbon Accounting for Carbon Dioxide Removal
214,Harrington et al.,2024,SotTE,yes,10.1016/j.scitotenv.2024.177458,https://doi.org/10.1016/j.scitotenv.2024.177458,Current rates of CO2 removal due to rock weathering in the UK
215,Cong et al.,2024,GHGSaT,yes,10.1002/ghg.2313,https://doi.org/10.1002/ghg.2313,CO₂ sequestration and soil improvement in enhanced rock weathering: A review from an experimental perspective
216,te Pas et al.,2024,FC,yes,10.3389/fclim.2024.1524998,https://doi.org/10.3389/fclim.2024.1524998,Accounting for retarded weathering products in comparing methods for quantifying carbon dioxide removal in a short-term enhanced weathering study
217,Power et al.,2024,FC,yes,10.3389/fclim.2024.1510747,https://doi.org/10.3389/fclim.2024.1510747,Are enhanced rock weathering rates overestimated? A few geochemical and mineralogical pitfalls
218,Xu et al.,2024,JCP,yes,10.1016/j.jclepro.2024.144414,https://doi.org/10.1016/j.jclepro.2024.144414,Investigating CO2 sequestration via enhanced rock weathering: Effects of temperature and citric acid on dolomite and basalt
219,Reis et al.,2024,CBTA,yes,10.1186/s40538-024-00586-w,https://doi.org/10.1186/s40538-024-00586-w,Changes in soil bacterial community structure in a short-term trial with different silicate rock powders
220,Reginato,2024,FC,yes,10.3389/fclim.2024.1440833,https://doi.org/10.3389/fclim.2024.1440833,"Biotechnology in direct air capture, enhanced weathering, and methane removal: emerging opportunities and gaps"
221,Aviso et al.,2024,CET,yes,10.3303/CET24114092,https://doi.org/10.1007/s00114-008-0434-4,Economic Ripple Effects of Large-Scale Basalt Enhanced Weathering in the Philippines
222,Zhang et al.,2024,ERL,yes,10.1088/1748-9326/ada398,https://doi.org/10.1088/1748-9326/ada398,A framework for modeling carbon loss from rivers following terrestrial enhanced weathering
223,Bertagni et al.,2024,JAMES,yes,10.1029/2024MS004224,https://doi.org/10.1029/2024MS004224,Advancing Enhanced Weathering Modeling in Soils: Critical Comparison With Experimental Data
224,Linke et al,2024,GPL,yes,10.7185/geochemlet.2415,https://doi.org/10.7185/geochemlet.2415,Direct evidence of CO2 drawdown through enhanced weathering in soils
225,Chiquier et al.,2025,ERL,yes,10.1088/1748-9326/ada4c0,https://doi.org/10.1088/1748-9326/ada4c0,"Integrated assessment of carbon dioxide removal portfolios: Land, energy, and economic trade-offs for climate policy"
226,Su et al.,2025,SEL,yes,10.1007/s42832-024-0273-z,https://doi.org/10.1007/s42832-024-0273-z,CO2 removal with enhanced wollastonite weathering in acidic and calcareous soils
227,Wang et al.,2025,JEM,yes,10.1016/j.jenvman.2024.123477,https://doi.org/10.1016/j.jenvman.2024.123477,Enhanced rock weathering boosts ecosystem multifunctionality via improving microbial networks complexity in a tropical forest plantation
228,Calogiuri et al.,2025,AG,yes,10.1016/j.apgeochem.2024.106271,https://doi.org/10.1016/j.apgeochem.2024.106271,How earthworms thrive and drive silicate rock weathering in an artificial organo-mineral system
229,Cox et al.,2025,ESP,yes,10.1016/j.envsci.2024.103977,https://doi.org/10.1016/j.envsci.2024.103977,Question-Led Innovation: Public priorities for enhanced weathering research in Malaysia
230,Kahlidy et al.,2025,GRL,yes,10.1016/j.geodrs.2025.e00918,https://doi.org/10.1016/j.geodrs.2025.e00918,Tracking pedogenic carbonate formation and migration in agricultural soils amended with crushed wollastonite ore - Evidence from field trials
231,Sanchez et al.,2025,RSCS,yes,10.1039/D4SU00552J,https://doi.org/10.1039/D4SU00552J,Carbon removal efficiency and energy requirement of engineered carbon removal technologies
232,Reginato,2025,FC,yes,10.3389/fclim.2024.1440833,https://doi.org/10.3389/fclim.2024.1440833,"Biotechnology in direct air capture, enhanced weathering, and methane removal: emerging opportunities and gaps"
233,Beerling et al.,2025,Nature,yes,10.1038/s41586-024-08429-2,https://doi.org/10.1038/s41586-024-08429-2,Transforming US agriculture for carbon removal with enhanced weathering
234,te Pas et al.,2025,FC,yes,10.3389/fclim.2024.1524998,https://doi.org/10.3389/fclim.2024.1524998,Accounting for retarded weathering products in comparing methods for quantifying carbon dioxide removal in a short-term enhanced weathering study
235,Li et al.,2025,JoES,yes,10.1007/s12583-024-0101-5,https://doi.org/10.1007/s12583-024-0101-5,Atmospheric CO2 Removal Efficiency through Enhanced Silicate Weathering in Croplands: A Review with Emphasis on the Contribution of Fungi
236,Sriwastava et al.,2025,GCA,yes,10.1016/j.gca.2025.01.042,https://doi.org/10.1016/j.gca.2025.01.042,Experimental pathways of clay formation and kinetics of basalt alteration in poor drainage systems: Implications for weathering
237,Uchibayashi et al.,2025,SSPN,yes,10.1080/00380768.2024.2448457,https://doi.org/10.1080/00380768.2024.2448457,Impact of basalt application on soil chemical properties and elemental uptake by paddy rice through enhanced rock weathering
238,Taylor et al.,2025,PRA,yes,10.1103/PRXEnergy.4.017001,https://doi.org/10.1103/PRXEnergy.4.017001,Atmospheric Carbon Dioxide Removal: A Physical Science Perspective
239,Motlaghzadeh,2025,CEE,yes,10.1038/s43247-025-02080-z,http://doi.org/10.1038/s43247-025-02080-z,Applying equity principles leads to higher carbon removal obligations in Canada
240,Taksavasu,2025,geosciences,yes,10.3390/ geosciences15030089,https://doi.org/10.3390/ geosciences15030089,Petrographic Analysis of Mafic and Ultramafic Rocks in Northern Thailand: Implications for CO 2 Mineralization and Enhanced Rock Weathering Approach
241,Neumann et al.,2025,FC,yes,10.3389/fclim.2025.1582786,https://doi.org/10.3389/fclim.2025.1582786,Riverine photosynthesis influences the carbon sequestration potential of enhanced rock weathering
242,Manning,2025,GEA,yes,10.47248/ges2505020003,https://doi.org/10.47248/ges2505020003,Enhanced rock weathering — A nature-based solution for climate mitigation
243,Xu & Reinhard,2025,ERL,yes,10.1088/1748-9326/adc020,https://doi.org/10.1088/1748-9326/adc020,Evaluating the carbon capture potential of industrial waste as a feedstock for enhanced weathering
244,Baum et al.,2025,RA,yes,10.1111/risa.17713,https://doi.org/10.1111/risa.17713,A new hope or phantom menace? Exploring climate emotions and public support for climate interventions across 30 countries
245,Stubbs et al.,2025,IJGGC,yes,10.1016/j.ijggc.2025.104344,https://doi.org/10.1016/j.ijggc.2025.104344,Optimizing the management of quarry fines for on-site carbon removal: Implications of grain size and mineralogy on CO2 mineralization
246,Afrane et al.,2025,CEE,yes,10.1038/s43247-025-02190-8,http://dx.doi.org/10.1038/s43247-025-02190-8,Targeted carbon dioxide removal measures are essential for the cost and energy transformation of the electricity sector by 2050
1001,Gillman,1980,SSSAJ,yes,10.2136/sssaj1980.03615995004400030005x,https://doi.org/10.2136/sssaj1980.03615995004400030005x,The Effect of Crushed Basalt Scoria on the Cation Exchange Properties of a Highly Weathered Soil
1002,Barak et al.,1983,PS,yes,10.1007/BF02197765,https://doi.org/10.1007/BF02197765,Ground basalt and tuff as iron fertilizers for calcareous soils
1003,Kahnt et al.,1986,JACP,yes,10.1111/j.1439-037X.1986.tb00064.x,https://doi.org/10.1111/j.1439-037X.1986.tb00064.x,Wirkungen meliorativer Gaben von Gesteinsmehlen und Gesteinssanden auf das Wachstum verschiedener landwirtschaftlicher Kulturpflanzen sowie auf physikalische Kennwerte eines Sandbodens und eines Tonbodens
1004,Leonardos et al.,1987,CG,yes,10.1016/0009-2541(87)90143-4,https://doi.org/10.1016/0009-2541(87)90143-4,The use of ground rocks in laterite systems: An improvement to the use of conventional soluble fertilizers?
1005,Sanz Scovio & Roswell,1988,FR,yes,10.1007/BF01050458,https://doi.org/10.1007/BF01050458,The use of feldspars as potassium fertilizers in the savannah of Colombia
1006,Weerasuriya et al.,1993,FR,yes,10.1007/BF00749962,https://doi.org/10.1007/BF00749962,Acidulated pegmatitic mica: A promising new multi-nutrient mineral fertilizer
1007,Coroneos et al.,1995,FR,yes,10.1007/BF00790664,https://doi.org/10.1007/BF00790664,Granite powder as a source of potassium for plants: a glasshouse bioassay comparing two pasture species
1008,Hinsinger et al.,1995,FR,yes,10.1007/BF00749883,https://doi.org/10.1007/BF00749883,Silicate rock powder: effect on selected chemical properties of a range of soils from Western Australia and on plant growth as assessed in a glasshouse experiment
1009,Bakken et al.,1997,NCA,yes,10.1007/BF01985717,https://doi.org/10.1007/BF01985717,The potential of crushed rocks and mine tailings as slow-releasing K fertilizers assessed by intensive cropping with Italian ryegrass in different soil types
1010,Bakken et al.,2000,NCA,yes,10.1023/A:1009709914578,https://doi.org/10.1023/A:1009709914578,Crushed rocks and mine tailings applied as K fertilizers on grassland
1011,Bolland & Baker,2000,NCA,yes,10.1023/A:1009757525421,https://doi.org/10.1023/A:1009757525421,Powdered granite is not an effective fertilizer for clover and wheat in sandy soils from Western Australia
1012,Gillman et al.,2001,AJSR,yes,10.1071/SR00073,https://doi.org/10.1071/SR00073,A laboratory study of application of basalt dust to highly weathered soils: Effect on soil cation chemistry
1013,Gillman et al.,2002,AG,yes,10.1016/S0883-2927(02)00078-1,https://doi.org/10.1016/S0883-2927(02)00078-1,Amending highly weathered soils with finely ground basalt rock
1014,von Wilpert,2003,NCA,yes,10.1023/A:1022103325310,https://doi.org/10.1023/A:1022103325310,"Ecochemical effects of phonolite rock powder, dolomite and potassium sulfate in a spruce stand on an acidified glacial loam"
1015,Peters et al.,2004,BGC,yes,10.1023/B:BIOG.0000015787.44175.3f,https://doi.org/10.1023/B:BIOG.0000015787.44175.3f,Dissolution of wollastonite during the experimental manipulation of Hubbard Brook Watershed 1
1016,Priyono & Gilkes,2004,AJSR,yes,10.1071/SR03138,https://doi.org/10.1071/SR03138,Dissolution of milled-silicate rock fertilisers in the soil
1017,Hanly et al.,2005,NZJAR,yes,10.1080/00288233.2005.9513679,https://doi.org/10.1080/00288233.2005.9513679,"Effect of serpentine rock and its acidulated products as magnesium fertilisers for pasture, compared with magnesium oxide and epsom salts, on a pumice soil. 1. Dry matter yield and magnesium uptake"
1018,Badr,2006,JASR,yes,,https://www.researchgate.net/publication/266883619_Efficiency_of_K-feldspar_Combined_with_Organic_Materials_and_Silicate_Dissolving_Bacteria_on_Tomato_Yield,Efficiency of K-feldspar Combined with Organic Materials and Silicate Dissolving Bacteria on Tomato Yield
1019,Mercuri et al.,2006,EM,yes,10.1007/s00267-004-0245-0,https://doi.org/10.1007/s00267-004-0245-0,"Estimating the unknown components of nutrient mass balances for forestry plantations in mine rehabilitation, Upper Hunter Valley, New South Wales, Australia"
1020,Van Straaten,2006,AABC,yes,10.1590/S0001-37652006000400009,https://doi.org/10.1590/S0001-37652006000400009,Farming with rocks and minerals: challenges and opportunities
1021,Abdel-Mouty et al.,2008,JASR,yes,,https://www.aensiweb.com/old/jasr/jasr/2008/627-636.pdf,"The productivity of two okra cultivars as affected by gibberilic acid, organic N, rock phosphate and feldspar applications"
1022,Aisha & Taalab,2008,RJABS,yes,,http://www.aensiweb.net/AENSIWEB/rjabs/rjabs/2008/228-237.pdf,"Effect of natural and/or chemical potassium fertilizers on growth, bulbs yield and some physical and chemical constituents of onion (Allium cepa L.)"
1023,Priyono & Gilkes,2008,CSSPA,yes,10.1080/00103620701826498,https://doi.org/10.1080/00103620701826498,High-energy milling improves the effectiveness of silicate rock fertilizers: A glasshouse assessment
1024,Anda et al.,2009,SS,yes,10.1097/SS.0b013e3181a56928,https://doi.org/10.1097/SS.0b013e3181a56928,Dissolution of Ground Basalt and Its Effect on Oxisol Chemical Properties and Cocoa Growth
1025,Basak & Biswas,2009,PS,yes,10.1007/s11104-008-9805-z,https://doi.org/10.1007/s11104-008-9805-z,Influence of potassium solubilizing microorganism (Bacillus mucilaginosus) and waste mica on potassium uptake dynamics by sudan grass (Sorghum vulgare Pers.) grown under two Alfisols
1026,Cho et al.,2009,STE,yes,10.1016/j.scitotenv.2009.06.030,https://doi.org/10.1016/j.scitotenv.2009.06.030,"The effects of a whole-watershed calcium addition on the chemistry of stream storm events at the Hubbard Brook Experimental Forest in NH, USA"
1027,Cho et al.,2010,BGC,yes,10.1007/s10533-009-9397-6,https://doi.org/10.1007/s10533-009-9397-6,Chemical changes in soil and soil solution after calcium silicate addition to a northern hardwood forest
1028,Manning,2010,ASD,yes,10.1051/agro/2009023,https://doi.org/10.1051/agro/2009023,Mineral sources of potassium for plant nutrition. A review
1029,Nezat,2010,GCA,yes,10.1016/j.gca.2010.03.013,https://doi.org/10.1016/j.gca.2010.03.013,"Patterns of Ca/Sr and 87Sr/86Sr, [] variation before and after a whole watershed CaSiO3 addition at the Hubbard Brook Experimental Forest, USA"
1030,Cho et al.,2012,Ecosystems,yes,10.1007/s10021-012-9518-2,https://doi.org/10.1007/s10021-012-9518-2,Watershed-Level Responses to Calcium Silicate Treatment in a Northern Hardwood Forest
1031,Palviainen et al.,2012,Geoderma,yes,10.1016/j.geoderma.2012.03.018,https://doi.org/10.1016/j.geoderma.2012.03.018,The effect of site fertility and climate on current weathering in Finnish forest soils: Results of a 10-16year study using buried crushed test-rock material
1032,Shaaban et al.,2012,JASR,yes,ISSN 1819-544X,http://www.aensiweb.com/old/jasr/jasr/2012/4504-4510.pdf,Efficiency of rock-feldspar combined with silicate dissolving bacteria on yield and fruit quality of valencia orange fruits in reclaimed soils
1033,Anda et al.,2013,STR,yes,10.1016/j.still.2013.04.005,https://doi.org/10.1016/j.still.2013.04.005,Increasing negative charge and nutrient contents of a highly weathered soil using basalt and rice husk to promote cocoa growth under field conditions
1034,Hellal & El-Sayed,2013,MEJAR,yes,ISSN 2077-4605,https://www.curresweb.com/mejar/mejar/2013/101-107.pdf,Effects of natural potassium source enriched with compost on nutrient uptake and yield of sugar beet grown in newly reclaimed soils
1035,Li & Dong,2013,AvL,yes,10.1007/s10482-012-9781-4,https://doi.org/10.1007/s10482-012-9781-4,Effect of a rock dust amendment on disease severity of tomato bacterial wilt
1036,Madaras et al.,2013,AASS,yes,10.1080/03650340.2012.667079,https://doi.org/10.1080/03650340.2012.667079,Waste silicate minerals as potassium sources: A greenhouse study on spring barley
1037,Ramezanian et al.,2013,PS,yes,10.1007/s11104-012-1474-2,https://doi.org/10.1007/s11104-012-1474-2,Addition of a volcanic rockdust to soils has no observable effects on plant yield and nutrient status or on soil microbial activity
1038,Silva et al.,2013,EES,yes,10.1007/s12665-012-1747-3,https://doi.org/10.1007/s12665-012-1747-3,Effect of the addition of granitic powder to an acidic soil from Galicia (NW Spain) in comparison with lime
1039,de Souza et al.,2013,ASE,yes,10.1016/j.apsoil.2013.01.016,https://doi.org/10.1016/j.apsoil.2013.01.016,Vermicomposting with rock powder increases plant growth
1040,Franzosi,2014,NRR,yes,10.1007/s11053-014-9232-1,https://doi.org/10.1007/s11053-014-9232-1,"Technical Evaluation of Glauconies as Alternative Potassium Fertilizer from the Salamanca Formation, Patagonia, Southwest Argentina"
1041,Jakl et al.,2014,WASP,yes,10.1007/s11270-014-1937-6,https://doi.org/10.1007/s11270-014-1937-6,The Long-Term Effect of Slowly Dissolved Crushed Basic Rocks Amelioration on Metals Bioavailability in Soil
1042,Johnson et al.,2014,SSSAJ,yes,10.2136/sssaj2014.03.0114,https://doi.org/10.2136/sssaj2014.03.0114,Soil Chemical Dynamics after Calcium Silicate Addition to a Northern Hardwood Forest
1043,Mancuso et al.,2014,RBCS,yes,10.1590/S0100-06832014000500010,https://doi.org/10.1590/S0100-06832014000500010,"Effect of potassium sources and rates on arabica coffee yield, nutrition, and macronutrient export"
1044,Mohammed et al.,2014,EJSS,yes,10.1111/ejss.12172,https://doi.org/10.1111/ejss.12172,Comparison of silicate minerals as sources of potassium for plant nutrition in sandy soil
1045,Silva et al.,2014,AJAR,yes,10.5897/ajar2013.7638,https://doi.org/10.5897/ajar2013.7638,"Yield, nutrient uptake and potassium use efficiency in rice fertilized with crushed rocks"
1046,Anda et al.,2015,Catena,yes,10.1016/j.catena.2014.09.012,https://doi.org/10.1016/j.catena.2014.09.012,Improving chemical properties of a highly weathered soil using finely ground basalt rocks
1047,Dahlin et al.,2015,AAB,yes,10.1111/aab.12168,https://doi.org/10.1111/aab.12168,Waste recovered by-products can increase growth of grass-clover mixtures in low fertility soils and alter botanical and mineral nutrient composition
1048,Guo et al.,2015,SB,yes,10.1007/s11434-015-0729-8,https://doi.org/10.1007/s11434-015-0729-8,Enhancing phytolith carbon sequestration in rice ecosystems through basalt powder amendment
1049,Long et al.,2015,SSSAJ,yes,10.2136/sssaj2014.11.0465,https://doi.org/10.2136/sssaj2014.11.0465,"Long-Term Effects of Forest Liming on Soil, Soil Leachate, and Foliage Chemistry in Northern Pennsylvania"
1050,Mosquera-Losada et al.,2015,JEM,yes,10.1016/j.jenvman.2014.10.015,https://doi.org/10.1016/j.jenvman.2014.10.015,Effect of liming and organic and inorganic fertilization on soil carbon sequestered in macro-and microaggregates in a 17-year old Pinus radiata silvopastoral system
1051,Ramezanian et al.,2015,AASS,yes,10.1080/09064710.2015.1014831,https://doi.org/10.1080/09064710.2015.1014831,"Assessing biogas digestate, pot ale, wood ash and rockdust as soil amendments: effects on soil chemistry and microbial community composition"
1052,Song et al.,2015,SR,yes,10.1038/srep17354,https://doi.org/10.1038/srep17354,The potential for carbon bio-sequestration in China's paddy rice (Oryza sativa L.) as impacted by slag-based silicate fertilizer
1053,Rosi-Marshall et al.,2016,PNAS,yes,10.1073/pnas.1607287113,https://doi.org/10.1073/pnas.1607287113,Acid rain mitigation experiment shifts a forested watershed from a net sink to a net source of nitrogen
1054,Santos et al.,2016,JPNSS,yes,10.1002/jpln.201500484,https://doi.org/10.1002/jpln.201500484,Production and evaluation of potassium fertilizers from silicate rock
1055,Saud et al,2016,ESPR,yes,10.1007/s11356-016-6957-x,https://doi.org/10.1007/s11356-016-6957-x,Silicate application increases the photosynthesis and its associated metabolic activities in Kentucky bluegrass under drought stress and post-drought recovery
1056,Shao et al,2016,EC,yes,10.1071/EN15113,https://doi.org/10.1071/EN15113,Long-term responses in soil solution and stream-water chemistry at Hubbard Brook after experimental addition of wollastonite
1057,Ciceri et al.,2017,ME,yes,10.1016/j.mineng.2016.11.016,https://doi.org/10.1016/j.mineng.2016.11.016,"Characterization of potassium agrominerals: Correlations between petrographic features, comminution and leaching of ultrapotassic syenites"
1058,Liu et al.,2017,JCP,yes,10.1016/j.jclepro.2017.02.155,https://doi.org/10.1016/j.jclepro.2017.02.155,Novel nano-submicron mineral-based soil conditioner for sustainable agricultural development
1059,Manning et al.,2017,STE,yes,10.1016/j.scitotenv.2016.09.086,https://doi.org/10.1016/j.scitotenv.2016.09.086,Testing the ability of plants to access potassium from framework silicate minerals
1060,Andrade et al.,2018,Cemosphere,yes,10.1016/j.chemosphere.2017.11.099,https://doi.org/10.1016/j.chemosphere.2017.11.099,Agricultural use of Samarco's spilled mud assessed by rice cultivation: A promising residue use?
1061,Dias et al.,2018,PAB,yes,10.1590/S0100-204X2018001200008,https://doi.org/10.1590/S0100-204X2018001200008,"Alternative sources of potassium in coffee plants for better soil fertility, productivity, and beverage quality"
1062,Manning,2018,NRR,yes,10.1007/s11053-017-9347-2,https://doi.org/10.1007/s11053-017-9347-2,Innovation in Resourcing Geological Materials as Crop Nutrients
1063,Shah et al.,2018,JEM,yes,10.1016/j.jenvman.2017.12.035,https://doi.org/10.1016/j.jenvman.2017.12.035,Bedding additives reduce ammonia emission and improve crop N uptake after soil application of solid cattle manure
1064,Tavares et al.,2018,IJROWA,yes,10.1007/s40093-018-0194-x,https://doi.org/10.1007/s40093-018-0194-x,Nutrients release from powder phonolite mediated by bioweathering actions
1065,Ciceri et al.,2019,CSSPA,yes,10.1080/00103624.2019.1566922,https://doi.org/10.1080/00103624.2019.1566922,Fertilizing Properties of Potassium Feldspar Altered Hydrothermally
1066,Crusciol et al.,2019,CSSPA,yes,10.1080/00103624.2019.1659304,https://doi.org/10.1080/00103624.2019.1659304,"Can Dunite Promote Physiological Changes, Magnesium Nutrition and Increased Corn Grain Yield?"
1067,Das et al.,2019,FM,yes,10.3389/fmicb.2019.02950,https://doi.org/10.3389/fmicb.2019.02950,Silicate Fertilizer Amendment Alters Fungal Communities and Accelerates Soil Organic Matter Decomposition
1068,Das et al.,2019,FM,yes,10.3389/fmicb.2019.01320,https://doi.org/10.3389/fmicb.2019.01320,"Cropping with slag to address soil, environment, and food security"
1069,Gunnarsen et al.,2019,JPPSS,yes,10.1002/jpln.201800647,https://doi.org/10.1002/jpln.201800647,Glacially abraded rock flour from Greenland: Potential for macronutrient supply to plants
1070,Moretti et al.,2019,CSSPA,yes,10.1080/00103624.2019.1635143,https://doi.org/10.1080/00103624.2019.1635143,"Dunite in Agriculture: Physiological Changes, Nutritional Status and Soybean Yield"
1071,Rudmin et al.,2019,ACS,yes,10.1016/j.clay.2019.105178,https://doi.org/10.1016/j.clay.2019.105178,An investigation of plant growth by the addition of glauconitic fertilizer
1072,Sun et al.,2019,FPS,yes,10.3389/fpls.2019.00425,https://doi.org/10.3389/fpls.2019.00425,Silicon fertilizer application promotes phytolith accumulation in rice plants
1073,Zhao et al.,2019,AJ,yes,10.2134/agronj2019.01.0020,https://doi.org/10.2134/agronj2019.01.0020,Can potassium silicate mineral products replace conventional potassium fertilizers in ricewheat rotation?
1074,de Souza et al.,2019,IJROWA,yes,10.1007/s40093-019-0244-z,https://doi.org/10.1007/s40093-019-0244-z,Gneiss and steatite vermicomposted with organic residues: release of nutrients and heavy metals
1075,Dalmora et al.,2020,JCP,yes,10.1016/j.jclepro.2020.120432,https://doi.org/10.1016/j.jclepro.2020.120432,Application of andesite rock as a clean source of fertilizer for eucalyptus crop: Evidence of sustainability
1076,Gagnon &. Ziadi,2020,AJ,yes,10.1002/agj2.20421,https://doi.org/10.1002/agj2.20421,Forest-derived liming by-products: Potential benefits to remediate soil acidity and increase soil fertility
1077,Li et al.,2020,Geoderma,yes,10.1016/j.geoderma.2020.114308,https://doi.org/10.1016/j.geoderma.2020.114308,Neoformed aluminosilicate and phytogenic silica are competitive sinks in the silicon soil-plant cycle
1078,Manning & Huff Theodoro,2020,TEIS,yes,10.1016/j.exis.2018.11.002,https://doi.org/10.1016/j.exis.2018.11.002,Enabling food security through use of local rocks and minerals
1079,Ramos et al.,2020,NRR,yes,10.1007/s11053-019-09529-x,https://doi.org/10.1007/s11053-019-09529-x,Evaluation of Soil Re-mineralizer from By-Product of Volcanic Rock Mining: Experimental Proof Using Black Oats and Maize Crops
1080,Rudmin et al.,2020,A,yes,10.3390/agronomy10060872,https://doi.org/10.3390/agronomy10060872,Evaluation of the effects of the application of glauconitic fertilizer on oat development: A two-year field-based investigation
1081,da Silva Cruz et al.,2020,EES,yes,10.1016/j.ecoenv.2019.110021,https://doi.org/10.1016/j.ecoenv.2019.110021,Does Samarco's spilled mud impair the growth of native trees of the Atlantic Rainforest?
1082,de Souza & Beger,2020,HCDSC,yes,10.1007/978-981-15-2014-3,https://doi.org/10.1007/978-981-15-2014-3,Handbook of communication for development and social change
1083,Jones et al.,2021,P&S,yes,10.1007/s11104-021-05001-z,https://doi.org/10.1007/s11104-021-05001-z,Carbonatite rock can enhance plant growth and nutrition depending on crop traits
1084,Litvinovich et al.,2021,CSSPA,yes,10.1080/00103624.2020.1849267,https://doi.org/10.1080/00103624.2020.1849267,Dynamics of Soil pH after Utilization of By-products of Industrial Rock Processing as a Calcareous Material in Acid Soils
1085,Vaghetti Luchese et al.,2021,AJAR,yes,10.5897/AJAR2020.15234,https://doi.org/10.5897/AJAR2020.15234,Agronomic feasibility of using basalt powder as soil nutrient remineralizer
1086,de Almeida et al.,2021,PAB,yes,10.1590/S1678-3921,https://doi.org/10.1590/S1678-3921,Potential of olivine melilitite as a soil remineralizer according to particle size and rates
1087,Conceio et al.,2022,JAFR,yes,10.1016/j.jafr.2022.100443,https://doi.org/10.1016/j.jafr.2022.100443,Potential of basalt dust to improve soil fertility and crop nutrition
1088,Felipe et al.,2022,NRR,yes,10.1007/s11053-022-10107-x,https://doi.org/10.1007/s11053-022-10107-x,Crushed Volcanic Rock as Soil Remineralizer: A Strategy to Overcome the Global Fertilizer Crisis
1089,Ferreiro-Domnguez,2022,SS,yes,10.3390/su14074270,https://doi.org/10.3390/su14074270,Climate Change and Silvopasture: The Potential of the Tree and Weather to Modify Soil Carbon Balance
1090,Lynramd et al.,2022,SR,yes,10.1038/s41598-021-04157-z,https://doi.org/10.1038/s41598-021-04157-z,Fungal hyphae develop where titanomagnetite inclusions reach the surface of basalt grains
1091,Sopha et al.,2022,JDMLM,yes,10.15243/jdmlm.2022.101.4011,https://doi.org/10.15243/jdmlm.2022.101.4011,"Response of selected chemical properties of extremely acidic soils on the application of limes, rice husk biochar and zeolite"
1092,Swobada et al.,2022,STE,yes,10.1016/j.scitotenv.2021.150976,https://doi.org/10.1016/j.scitotenv.2021.150976,Remineralizing soils? The agricultural usage of silicate rock powders: A review
1093,Gunnarsen et al.,2023,NCA,yes,10.1007/s10705-023-10274-0,https://doi.org/10.1007/s10705-023-10274-0,Greenlandic glacial rock flour improves crop yield in organic agricultural production
1094,Oppon et al.,2023,IJLCA,yes,10.1007/s11367-023-02196-4,https://doi.org/10.1007/s11367-023-02196-4,Towards sustainable food production and climate change mitigation: an attributional life cycle assessment comparing industrial and basalt rock dust fertilisers
1095,Reynaert,2023,AFM,yes,10.1016/j.agrformet.2023.109610,https://doi.org/10.1016/j.agrformet.2023.109610,Basalt addition improves the performance of young grassland monocultures under more persistent weather featuring longer dry and wet spells
1096,Bi et al.,2024,BCG,yes,10.1111/gcb.17310,https://doi.org/10.1111/gcb.17310,Enhanced rock weathering increased soil phosphorus availability and altered root phosphorus-acquisition strategies
1097,Rani et al.,2024,PS,yes,10.1007/s11104-024-06879-1,https://doi.org/10.1007/s11104-024-06879-1,Exploring waste mica as an alternative potassium source using a novel potassium solubilizing bacterium and rice residue in K deficient Alfisol
1098,Skov et al.,2024,PLOS ONE,yes,10.1371/journal.pone.0295031,https://doi.org/10.1371/journal.pone.0295031,Initial agronomic benefits of enhanced weathering using basalt : A study of spring oat in a temperate climate
1099,Van der Bauwhede,2024,Geoderma,yes,10.1016/j.geoderma.2023.116734,https://doi.org/10.1016/j.geoderma.2023.116734,"Accelerated weathering of silicate rock dusts predicts the slow-release liming in soils depending on rock mineralogy, soil acidity, and test methodology"
1100,Madeiros et al.,2024,JSAES,yes,10.1016/j.jsames.2024.105254,https://doi.org/10.1016/j.jsames.2024.105254,The Combination of crushed rock and organic matter enhanced the. capture of inorganic carbon in tropical soils
1101,Obour et al.,2024,EJSS,yes,10.1111/ejss.70028,https://doi.org/ 10.1111/ejss.70028,Limited short-term benefits of glacial rock flour for enhancing the physical quality of tropical arable soils
1102,Van Der Bauwhede et al.,2024,FEM,yes,10.1016/j.foreco.2024.122109,https://doi.org/10.1016/j.foreco.2024.122109,"Restoration rocks: The long-term impact of rock dust application on soil, tree foliar nutrition, tree radial growth, and understory biodiversity in Norway spruce forest stands"
1103,Van Der Bauwhede et al.,2025,P&S,yes,10.1007/s11104-024-07175-8,https://doi.org/10.1007/s11104-024-07175-8,Field phytometers and lab tests demonstrate that rock dust can outperform dolomite and fertilisers for acid forest soil restoration